{"cameraMode":{"drawMode":0,"name":"Shaded","section":"Shading Mode"},"sceneLighting":false,"audioPlay":false,"sceneViewState":{"showFog":true,"showMaterialUpdate":false,"showSkybox":false,"showFlares":true,"showImageEffects":true,"showParticleSystems":true},"in2DMode":false,"pivot":{"x":0.5220963954925537,"y":-0.3799048364162445,"z":1.0300196409225464},"rotation":{"x":-0.0459790863096714,"y":-0.9514889717102051,"z":0.18255570530891419,"w":-0.24547240138053895},"size":0.6046150326728821,"orthographic":false}