{"cameraMode":{"drawMode":0,"name":"Shaded","section":"Shading Mode"},"sceneLighting":true,"audioPlay":false,"sceneViewState":{"showFog":true,"showMaterialUpdate":false,"showSkybox":true,"showFlares":true,"showImageEffects":true,"showParticleSystems":true},"in2DMode":false,"pivot":{"x":88.65925598144531,"y":91.39466857910156,"z":-124.0346908569336},"rotation":{"x":-0.03316088020801544,"y":-0.6189427971839905,"z":0.026155291125178338,"w":-0.7844527959823608},"size":123.85494232177735,"orthographic":false}