{"cameraMode":{"drawMode":0,"name":"Shaded","section":"Shading Mode"},"sceneLighting":false,"audioPlay":false,"sceneViewState":{"showFog":true,"showMaterialUpdate":false,"showSkybox":false,"showFlares":true,"showImageEffects":true,"showParticleSystems":true},"in2DMode":false,"pivot":{"x":7.499297142028809,"y":48.867454528808597,"z":-37.300392150878909},"rotation":{"x":0.08871650695800781,"y":-0.682041585445404,"z":0.08302700519561768,"w":0.7214086651802063},"size":62.584903717041019,"orthographic":false}