{"cameraMode":{"drawMode":0,"name":"Shaded","section":"Shading Mode"},"sceneLighting":true,"audioPlay":false,"sceneViewState":{"showFog":true,"showMaterialUpdate":false,"showSkybox":true,"showFlares":true,"showImageEffects":true,"showParticleSystems":true},"in2DMode":false,"pivot":{"x":106.75603485107422,"y":9.55213737487793,"z":-237.37574768066407},"rotation":{"x":0.10527970641851425,"y":-0.8963453769683838,"z":0.23890356719493867,"w":0.3615301847457886},"size":70.36890411376953,"orthographic":false}