{"cameraMode":{"drawMode":0,"name":"Shaded","section":"Shading Mode"},"sceneLighting":true,"audioPlay":false,"sceneViewState":{"showFog":true,"showMaterialUpdate":false,"showSkybox":true,"showFlares":true,"showImageEffects":true,"showParticleSystems":true},"in2DMode":false,"pivot":{"x":28.17145347595215,"y":137.98451232910157,"z":-312.0334777832031},"rotation":{"x":0.028238272294402124,"y":0.9684559106826782,"z":-0.18118460476398469,"w":0.17353661358356477},"size":27.098228454589845,"orthographic":false}