{"cameraMode":{"drawMode":0,"name":"Shaded","section":"Shading Mode"},"sceneLighting":true,"audioPlay":false,"sceneViewState":{"showFog":true,"showMaterialUpdate":false,"showSkybox":true,"showFlares":true,"showImageEffects":true,"showParticleSystems":true},"in2DMode":false,"pivot":{"x":-108.20941162109375,"y":43.51271057128906,"z":-816.3919677734375},"rotation":{"x":-0.006040200591087341,"y":0.993896484375,"z":-0.07199399918317795,"w":-0.0833834856748581},"size":384.1005554199219,"orthographic":false}