{"cameraMode":{"drawMode":0,"name":"Shaded","section":"Shading Mode"},"sceneLighting":true,"audioPlay":false,"sceneViewState":{"showFog":true,"showMaterialUpdate":false,"showSkybox":true,"showFlares":true,"showImageEffects":true,"showParticleSystems":true},"in2DMode":false,"pivot":{"x":257.02923583984377,"y":298.1792907714844,"z":-267.11163330078127},"rotation":{"x":-0.14009957015514375,"y":0.6428584456443787,"z":-0.12117613852024079,"w":-0.7432505488395691},"size":8.233101844787598,"orthographic":false}