{"cameraMode":{"drawMode":0,"name":"Shaded","section":"Shading Mode"},"sceneLighting":true,"audioPlay":false,"sceneViewState":{"showFog":true,"showMaterialUpdate":false,"showSkybox":true,"showFlares":true,"showImageEffects":true,"showParticleSystems":true},"in2DMode":false,"pivot":{"x":59.17630386352539,"y":77.49842071533203,"z":-6.252138137817383},"rotation":{"x":0.028743920847773553,"y":0.7010012865066528,"z":-0.07102125138044357,"w":0.7126227617263794},"size":92.6998519897461,"orthographic":false}