{"cameraMode":{"drawMode":0,"name":"Shaded","section":"Shading Mode"},"sceneLighting":true,"audioPlay":false,"sceneViewState":{"showFog":true,"showMaterialUpdate":false,"showSkybox":true,"showFlares":true,"showImageEffects":true,"showParticleSystems":true},"in2DMode":false,"pivot":{"x":-56.08210754394531,"y":-142.5454864501953,"z":168.35165405273438},"rotation":{"x":-0.3240259885787964,"y":0.1734239161014557,"z":-0.06321325898170471,"w":-0.928260087966919},"size":136.40443420410157,"orthographic":false}