{"cameraMode":{"drawMode":0,"name":"Shaded","section":"Shading Mode"},"sceneLighting":false,"audioPlay":false,"sceneViewState":{"showFog":true,"showMaterialUpdate":false,"showSkybox":false,"showFlares":true,"showImageEffects":true,"showParticleSystems":true},"in2DMode":false,"pivot":{"x":0.032052069902420047,"y":1.1146295070648194,"z":0.00647793710231781},"rotation":{"x":-0.18485209345817567,"y":0.7846269011497498,"z":-0.2754724621772766,"w":-0.5239010453224182},"size":1.3358819484710694,"orthographic":false}